//ID,惑星名,覇王ID,資金,惑星タイプ,首都,生産(未使用),系列,人口,民忠（未使用）,Ｘ,Ｙ,on/off
0,指定なし,0,0,0,0,0,0,0,0,0,0,0
1,キルビス,672,800000,3,1,0,1,180000,0,2,1,1
2,ストー,672,0,3,0,0,1,50000,0,0,3,1
3,セタ,672,0,3,0,0,1,120000,0,4,3,1
4,ペレス,672,0,3,0,0,1,63000,0,2,5,1
5,スパン,672,0,3,0,0,1,42000,0,5,6,1
6,コクーン,669,320000,3,1,0,1,120000,0,1,10,1
7,コザイク,672,0,3,0,0,1,25000,0,3,8,1
8,ゴゴニ,606,0,3,0,0,1,53000,0,11,18,1
9,ウイバン,534,0,3,0,0,1,90000,0,8,9,1
10,ラバウル,267,210000,3,1,0,1,140000,0,5,11,1
11,マレング,606,0,3,0,0,1,80000,0,8,15,1
12,ラエ,267,0,3,0,0,1,130000,0,4,14,1
13,カスマン,606,0,3,0,0,1,180000,0,7,17,1
14,ナーハン,606,700000,3,1,0,1,140000,0,15,17,1
15,ヤリ,606,0,3,0,0,1,200000,0,12,16,1
16,アイネ,609,420000,3,1,0,1,130000,0,0,14,1
17,ゼファー,626,680000,3,1,0,1,320000,0,13,10,1
18,ハーゲン,534,600000,3,1,0,1,280000,0,8,6,1
19,ザクソン,534,0,3,0,0,1,160000,0,12,7,1
20,バルゴ,534,0,3,0,0,1,260000,0,12,6,1
21,マイス,212,250000,3,1,0,1,60000,0,14,14,1
22,ホスエン,43,0,3,0,0,1,360000,0,10,11,1
23,バース,15,0,3,0,0,1,160000,0,15,11,1
24,コスタル,15,720000,3,1,0,1,120000,0,18,13,1
25,デクレア,15,0,3,0,0,1,200000,0,20,11,1
26,ナレッソ,626,0,3,0,0,1,40000,0,16,8,1
27,バニモ,15,0,3,0,0,1,90000,0,19,8,1
29,ガニメデ,66,0,3,0,0,1,32000,0,19,5,1
30,タイタン,66,0,3,0,0,1,36000,0,15,5,1
32,火星,66,0,3,0,0,1,55000,0,16,2,1
33,地球,66,1200000,3,1,0,1,260000,0,19,2,1
35,ジパング,43,600000,3,1,0,1,160000,0,9,12,1
41,R-41,0,0,3,0,0,1,5000,0,1,1,0
