//ID,武将名,状態,SP,忠誠,勲功,夫ID,覇王ID,派閥,旗艦(未使用)
57,アスミタ,2,0,100,11000,0,672,729,1
68,バーバラ,2,0,100,1000,0,672,68,1
72,バレリー,2,0,100,11000,0,672,68,1
153,ニナ,2,0,100,12080,0,672,208,12
208,サブリナ,2,0,100,12200,672,672,208,4
405,リアナ,2,0,100,3000,0,672,208,1
574,ファーリ,2,0,100,10000,0,672,729,12
576,フィフィタ,2,0,100,10000,0,672,208,12
585,ラブ,2,0,100,10000,0,672,68,12
586,マルレーネ,2,0,100,12100,0,672,0,1
587,イール,2,0,100,5000,0,672,729,1
589,ルイ,2,0,100,4200,0,672,68,1
593,メメナイア,2,0,100,3400,0,672,729,1
598,ミディア,2,0,100,11000,0,672,208,12
599,エルバ,2,0,100,6100,0,672,729,1
668,リヨンヒ,2,0,100,8000,0,672,68,1
672,マガ,2,0,100,13000,208,672,0,1
723,ニキ,2,0,100,7000,0,672,68,1
729,パジ,2,0,100,1000,0,672,729,1
732,モニカ,2,0,100,8000,0,672,208,12
748,エラ,2,0,100,2000,0,672,729,1
758,ACT1シズカ,2,0,100,12100,0,672,208,1
759,ACT2アスカ,2,0,100,12100,0,672,208,1
760,ACT3レイカ,2,0,100,12100,0,672,208,1
761,ACT4シン,2,0,100,12100,0,672,208,1
21,トットン,2,0,90,11000,0,669,21,1
26,カズキ,2,0,91,10000,0,669,21,1
38,アキス,2,0,99,4000,0,669,92,1
76,バラセン,2,0,70,4000,0,669,0,1
92,バースァ,2,0,95,11000,0,669,92,1
304,モリソン,2,0,60,1890,0,669,0,1
310,ライナス,2,0,70,4200,0,669,0,1
312,サツキ,2,0,94,8000,0,669,21,1
608,クリント,2,1,99,12300,0,669,0,1
630,コーカク,2,0,60,1400,0,669,0,1
631,ショット,2,0,60,2890,0,669,0,1
636,マクベス,2,0,60,4000,0,669,0,1
638,シック,2,0,60,6200,0,669,0,1
639,ブルバイ,2,0,60,2800,0,669,0,1
642,アコン,2,0,60,1400,0,669,0,1
644,ライエラ,2,0,60,3200,0,669,0,1
667,カイリ,2,0,99,12200,0,669,0,12
669,テンオウ,2,0,99,13000,0,669,0,12
762,一太郎,2,0,81,6000,0,669,0,1
821,Type-A,2,1,99,7000,0,669,0,1
822,Type-B,2,1,99,6000,0,669,0,1
823,Type-C,2,1,99,5000,0,669,0,1
84,バンハン,2,0,80,4000,0,626,0,1
206,サリン,2,0,70,4000,0,626,0,1
340,ジェニファ,2,0,99,12200,626,626,0,1
514,コイム,2,0,80,2000,0,626,0,1
518,コペ,2,0,90,3000,0,626,0,1
524,ケンジ,2,0,80,4000,0,626,0,1
528,クワララ,2,0,70,3000,0,626,0,1
559,バルダン,2,0,80,1000,0,626,0,1
626,ラー,2,0,100,13000,340,626,0,1
663,アクセル,2,0,90,12080,0,626,0,1
664,エクセル,2,0,90,12080,0,626,0,1
674,マニオ,2,0,81,1000,0,626,0,1
676,ネスター,2,0,85,2000,0,626,0,1
677,テリー,2,0,73,9000,0,626,0,1
678,マノイ,2,0,81,6000,0,626,0,1
687,モーセス,2,0,90,2000,0,626,0,1
726,ソラ,2,0,85,7000,0,626,0,1
740,ガロア,2,0,76,7000,0,626,0,1
741,ポカレス,2,0,77,2000,0,626,0,1
775,グラニート,2,0,81,2000,0,626,0,1
777,ワリヤーグ,2,0,50,4000,0,626,0,1
794,ブラバー,2,0,99,9000,0,626,0,1
616,モレア,4,0,99,13000,0,616,0,1
614,オンゴゴ,4,0,99,13000,0,614,0,3
612,ノースコット,4,0,99,13000,0,612,0,6
611,マクレイ,4,0,99,13000,0,611,0,1
610,マック,4,0,99,13000,0,610,0,24
211,エリック,2,0,90,5000,0,609,671,1
426,オーガス,2,0,75,7000,0,609,671,1
477,ファイロン,2,0,50,1000,0,609,0,1
509,ケマ,2,0,70,4000,0,609,0,1
525,クリ,2,0,30,2000,0,609,617,1
550,リネット,2,0,40,3000,0,609,0,1
609,アズマ,2,0,95,13000,0,609,0,1
617,バイアグラ,2,0,99,11000,0,609,617,1
635,ピクルス,2,0,60,1000,0,609,0,1
641,タマル,2,0,60,2000,0,609,617,1
671,マカーフィ,2,0,100,11000,0,609,671,1
69,バーセム,2,0,80,10000,0,606,69,1
85,マイケル,2,0,90,1000,0,606,69,1
128,キャデル,2,0,68,5000,0,606,0,1
129,サーティ,2,0,99,3000,0,606,0,1
178,デムイ,2,0,70,5000,0,606,0,1
180,ティム,2,0,70,1000,0,606,0,1
181,ドミンゴ,2,0,90,1000,0,606,0,1
187,トーマス,2,0,80,6000,0,606,69,1
202,ジックマン,2,0,70,11000,0,606,202,1
222,ファイス,2,0,70,1000,0,606,0,1
296,ゴマ,2,0,70,4000,0,606,0,1
306,モートン,2,0,70,2000,0,606,429,1
332,フィリップ,2,0,70,3100,0,606,0,1
351,カンディ,2,0,90,1000,0,606,429,1
407,リー,2,0,74,3100,0,606,0,1
429,バニアウ,2,0,76,12600,606,606,429,1
430,バダイ,2,0,70,8000,0,606,0,1
440,カーチン,2,0,92,6000,0,606,0,1
441,ダッカ,2,0,75,6000,0,606,0,1
444,ディレイ,2,0,70,1000,0,606,0,1
447,デンプシー,2,0,82,3000,0,606,0,1
464,フレーム,2,0,70,3000,0,606,429,1
499,ジャンビ,2,0,70,4000,0,606,0,1
502,カカポ,2,0,86,2100,0,606,0,1
512,ケネディ,2,0,50,3100,0,606,0,1
530,キリ,2,0,92,9000,0,606,530,1
533,ランバート,2,0,90,3000,0,606,0,1
606,パメラ,2,0,99,13000,429,606,0,1
620,ショーン,2,0,90,3000,0,606,0,1
658,ジム,2,0,76,8000,0,606,0,1
711,パートン,2,0,75,1000,0,606,429,1
768,ポグアマ,2,0,68,3000,0,606,0,1
817,マルオ,2,0,100,9000,0,606,0,1
896,ACT5メロウ,2,0,99,8000,0,606,0,1
81,バル,2,0,77,1000,0,534,0,1
82,バリー,2,0,86,2000,0,534,0,1
99,ビーブ,2,0,80,1000,0,534,0,1
121,ブレノン,2,0,66,5000,0,534,0,1
122,ブレール,2,0,80,8000,0,534,0,1
219,エンデミオン,2,0,100,12080,0,534,219,1
278,ギマ,2,0,65,11000,0,534,278,1
372,キム,2,0,70,2300,0,534,0,1
374,コブラ,2,0,60,4000,0,534,0,1
377,マコーマック,2,0,80,1000,0,534,0,1
428,アドルセン,2,0,70,12080,0,534,0,1
520,カーマー,2,0,68,1800,0,534,0,1
529,グルダン,2,0,80,2000,0,534,0,1
534,ランデミオン,2,0,60,13000,702,534,0,1
539,オトレ,2,0,80,2000,0,534,0,1
542,レパン,2,0,70,4000,0,534,0,1
543,レオ,2,0,90,1500,0,534,0,1
679,オオイ,2,0,60,3100,0,534,0,1
702,シズエ,2,0,100,12200,534,534,0,12
752,リドミラ,2,0,80,1000,0,534,0,1
755,ロスト,2,0,70,11000,0,534,219,1
776,ノフクス,2,0,72,2000,0,534,0,1
789,ソン,2,0,84,1000,0,534,0,1
790,サイガス,2,0,96,12300,0,534,0,1
818,オリカン,2,0,90,11000,0,534,818,1
819,オグソー,2,0,92,10000,0,534,818,1
32,アカフリ,2,0,69,8200,0,267,32,1
46,アロンゾ,2,0,95,8000,0,267,0,1
101,ベレン,2,0,70,3000,0,267,0,1
138,チャクラ,2,0,70,2000,0,267,0,1
267,ガラムート,2,0,80,13000,0,267,32,1
270,ガウディ,2,0,70,1000,0,267,0,1
271,ガバラ,2,0,90,1000,0,267,0,1
272,ペプシ,2,0,70,1000,0,267,32,1
277,ジョージ,2,0,80,2000,0,267,0,1
358,ウイリー,2,0,40,6000,0,267,0,1
364,トン,2,0,80,2000,0,267,0,1
365,トルル,2,0,86,5000,0,267,32,1
368,シュワーツ,2,0,61,8000,0,267,0,1
413,ローマー,2,0,60,2000,0,267,0,1
417,エジェイ,2,0,84,5000,0,267,0,1
467,バギシニ,2,0,50,3000,0,267,0,1
492,ハフェン,2,0,82,2000,0,267,547,1
526,クタン,2,0,60,5000,0,267,547,1
527,クワム,2,0,77,4000,0,267,0,1
547,リフ,2,0,86,10000,0,267,547,1
565,レコン,2,0,68,3000,0,267,0,1
659,マキシマス,2,0,88,8000,0,267,0,1
697,ニパウ,2,0,81,2000,0,267,0,1
829,トロムカ,2,0,80,4000,0,267,0,1
212,ヒコザル,2,0,90,13000,595,212,0,1
236,フォード,2,0,70,1000,0,212,0,1
237,フォリオス,2,0,80,3000,0,212,0,1
238,スキャロン,2,0,61,2000,0,212,0,1
256,TTタンデ,2,0,80,3000,0,212,0,1
257,タルバート,2,0,80,3000,0,212,0,1
258,ガルア,2,0,66,9000,0,212,0,1
325,ホーリス,2,0,91,3000,0,212,0,1
347,サルバン,2,0,80,1000,0,212,0,1
366,トレンデスタ,2,0,70,3000,0,212,0,1
395,ロッシド,2,0,84,4000,0,212,0,1
412,ヤマムラ,2,0,91,10000,0,212,0,1
427,３４ロウ,2,0,70,5000,0,212,0,1
431,バトリ,2,0,80,5000,0,212,0,1
465,フーラー,2,0,65,2000,0,212,0,1
488,グプタ,2,0,90,1000,0,212,0,1
595,カルディナ,2,0,100,12200,212,212,0,1
772,クズネフ,2,0,73,3000,0,212,0,1
23,ゼットン,2,0,93,5000,0,66,0,1
30,アイタペ,2,0,86,11000,0,66,30,1
54,アントン,2,0,80,7000,0,66,0,1
63,アセン,2,0,66,3000,0,66,0,1
66,ジャン,2,0,100,13000,583,66,0,1
75,バッカス,2,0,78,10000,0,66,75,1
79,バラジャラ,2,0,68,8000,0,66,75,1
89,バタリ,2,0,80,7000,0,66,75,1
91,バウプラ,2,0,98,6000,0,66,75,1
105,バイアー,2,0,90,7000,0,66,0,1
124,バンダン,2,0,67,1000,0,66,0,1
125,バルター,2,0,77,3000,0,66,0,1
126,バウゴ,2,0,68,9000,0,66,0,1
159,ガトー,2,0,98,3000,0,66,0,1
166,デイビス,2,0,70,10000,0,66,166,1
216,エバンス,2,0,70,3000,0,66,0,1
337,ジュビ,2,0,80,10000,0,66,0,1
342,ジョエル,2,0,80,3000,0,66,0,1
381,マハビ,2,0,90,2000,0,66,0,1
388,カワサキ,2,0,79,4000,0,66,0,1
393,マリア,2,0,68,6000,0,66,0,1
419,アホバ,2,0,80,1000,0,66,0,1
420,アイアワ,2,0,99,12300,0,66,0,1
423,アモス,2,0,80,7000,0,66,0,1
424,アンドレー,2,0,73,5000,0,66,0,1
425,アンドリュー,2,0,74,1000,0,66,0,1
466,ガバ,2,0,60,6000,0,66,166,1
513,コルサ,2,0,70,5000,0,66,0,1
545,レオング,2,0,70,9000,0,66,166,1
551,リベ,2,0,50,4000,0,66,0,1
562,ルーマ,2,0,70,4000,0,66,0,1
569,キャロル,2,0,77,1000,0,66,0,1
570,キャサリン,2,0,90,12080,634,66,634,12
580,エセラ,2,0,70,7100,736,66,736,1
583,ジュリア,2,0,100,12200,66,66,0,1
588,レミ,2,0,90,12080,0,66,0,12
596,ユキ,2,0,73,1000,0,66,0,1
634,チョー,2,0,90,11000,570,66,634,1
653,ムネン,2,0,53,1000,0,66,0,1
654,ヒップ,2,0,81,8000,0,66,0,1
655,ポイズン,2,0,71,8000,0,66,0,1
656,ラオマイ,2,0,85,8000,0,66,0,1
736,プロベット,2,0,40,11000,580,66,736,1
751,アム,2,0,80,9000,0,66,736,12
831,ロスコー,2,0,80,3000,0,66,0,1
5,アベグル,2,0,99,12600,43,43,5,12
43,アイリーン,2,0,100,13000,5,43,0,12
146,コリン,2,0,70,1000,0,43,0,1
147,コネリー,2,0,80,2000,0,43,0,1
152,ナカジマ,2,0,90,3000,0,43,0,1
154,テレアク,2,0,72,3000,0,43,0,1
173,デンタル,2,0,80,11000,0,43,173,1
198,シモイ,2,0,70,1000,0,43,0,1
214,シュミット,2,0,80,3000,0,43,0,1
254,オムル,2,0,60,1000,0,43,0,1
301,ナカムラ,2,0,90,3000,0,43,0,1
433,ブラワ,2,0,90,6000,0,43,0,1
434,ブルフ,2,0,91,6000,0,43,0,1
438,クロス,2,0,70,1000,0,43,0,1
439,キューベナ,2,0,80,4000,0,43,0,1
491,ハブカ,2,0,60,11000,0,43,491,1
496,ハンピィリス,2,0,50,3000,0,43,0,1
498,ジョセフ,2,0,90,5000,0,43,0,1
508,カウイ,2,0,90,2000,0,43,0,1
536,ラプラ,2,0,60,3000,0,43,0,1
548,レイデカ,2,0,70,4000,0,43,0,1
830,ハーゲル,2,0,80,3000,0,43,0,1
880,リーアム,2,0,100,11000,0,43,880,1
15,ツルマ,2,0,100,13000,725,15,0,12
42,アレクトー,2,0,97,7000,0,15,0,1
51,スタントン,2,0,90,11000,0,15,51,1
80,ベーカー,2,0,85,4000,0,15,0,1
93,ダムア,2,0,72,3000,0,15,0,1
103,ベン,2,0,80,8000,0,15,0,1
118,ボーデン,2,0,55,3000,0,15,0,1
127,ボーン,2,0,78,8000,0,15,51,1
134,ジンガ,2,0,93,5000,0,15,0,1
137,チャン,2,0,90,3000,0,15,0,1
140,チュング,2,0,70,2000,0,15,0,1
141,ジンナイ,2,0,90,2000,0,15,0,1
143,クリス,2,0,68,2000,0,15,0,1
144,クラーク,2,0,90,2000,0,15,0,1
168,デガワ,2,0,73,3000,0,15,0,1
184,ネルソン,2,0,60,3000,0,15,0,1
213,スーザン,2,0,68,3000,0,15,0,1
215,チンバー,2,0,77,6000,0,15,0,1
228,フィッコ,2,0,56,3000,0,15,0,1
232,タイラー,2,0,70,3000,0,15,0,1
262,タイ,2,0,70,1000,0,15,0,1
284,タクル,2,0,70,2000,0,15,0,1
313,ハン,2,0,85,11000,0,15,0,1
318,リッチー,2,0,93,4000,0,15,0,1
319,ハポット,2,0,68,4000,0,15,0,1
339,マッコイ,2,0,90,9000,0,15,0,1
355,シドレン,2,0,81,1000,0,15,0,1
446,ロムソン,2,0,72,10000,0,15,51,1
489,ガスタベ,2,0,70,4000,0,15,0,1
505,カサマ,2,0,80,11000,0,15,505,1
506,カソ,2,0,70,9000,0,15,505,1
507,カタ,2,0,80,6000,0,15,505,1
651,ＪＦＫ,2,0,99,4000,0,15,0,1
657,ウイルソン,2,0,91,8000,0,15,0,1
682,パニオ,2,0,81,4000,0,15,0,1
725,ブレンダ,2,0,100,12200,15,15,0,1
0,指定なし,3,0,0,1000,0,0,0,1
1,オペレータ,3,0,99,1000,0,0,0,1
2,バン,3,0,99,13000,0,0,0,4
3,アベモイガ,3,0,99,13000,0,0,0,12
4,アビー,3,0,99,13000,0,0,0,12
6,アベル,4,0,0,0,0,0,0,1
7,アベヤクーン,3,0,99,13000,0,0,0,12
8,アブラム,3,0,99,13000,0,0,0,12
9,ロゴ,3,0,99,13000,576,0,0,12
10,アダムス,3,0,99,13000,0,0,0,12
11,アドコル,3,0,99,13000,0,0,0,12
12,アディス,3,0,99,13000,0,0,0,12
13,アドルセム,3,0,99,13000,0,0,0,12
14,ツキリ,3,0,99,13000,0,0,0,12
16,アグデッパ,3,0,99,13000,0,0,0,16
17,トフィ,5,0,80,0,0,0,0,1
18,エジェンダ,5,0,77,0,0,0,0,1
19,エージス,5,0,99,0,0,0,0,1
20,アギワ,5,0,95,0,0,0,0,1
22,アグレム,5,0,40,0,0,0,0,1
24,ウルフ,5,0,60,0,0,0,0,1
25,アーノン,5,0,99,0,0,0,0,1
27,エイム,5,0,40,0,0,0,0,1
28,エイダ,5,0,96,0,0,0,0,1
29,ヤング,5,0,60,0,0,0,0,1
31,アカンディ,5,0,88,0,0,0,0,1
33,ワーナー,5,0,50,0,0,0,0,1
34,ワトソン,3,0,68,8000,0,0,0,1
35,ワット,5,0,55,0,0,0,0,1
36,ウェンネル,6,0,80,0,0,0,0,1
37,エーキンス,5,0,97,0,0,0,0,1
39,アクマギ,5,0,90,0,0,0,0,1
40,アラン,5,0,91,0,0,0,0,1
41,アレン,5,0,50,0,0,0,0,1
44,エリナ,7,0,40,1000,0,0,0,1
45,アーロン,3,0,86,2000,0,0,0,1
47,アルフォンス,5,0,92,0,0,0,0,1
48,アルバート,5,0,90,0,0,0,0,1
49,アモア,5,0,40,0,0,0,0,1
50,ソーマン,3,0,89,10000,0,0,0,1
52,ステッチ,5,0,95,0,0,0,0,1
53,スタンレー,5,0,92,0,0,0,0,1
55,アラナ,5,0,30,0,0,0,0,1
56,アレック,5,0,70,0,0,0,0,1
58,アトキン,5,0,88,0,0,0,0,1
59,アキレス,5,0,40,0,0,0,0,1
60,エーダ,3,0,78,4000,0,0,0,1
61,ナリ,5,0,99,0,0,0,0,1
62,アッタ,5,0,72,0,0,0,0,1
64,オーク,5,0,30,0,0,0,0,1
65,オーフェン,5,0,40,0,0,0,0,1
67,Jデヤング,5,0,60,0,0,0,0,1
70,ベッチ,5,0,99,0,0,0,0,1
71,バディリ,5,0,99,0,0,0,0,1
73,ベアード,5,0,83,0,0,0,0,1
74,ミラー,5,0,70,0,0,0,0,1
77,ミレ,5,0,50,0,0,0,0,1
78,バククト,5,0,85,0,0,0,0,1
83,バルック,3,0,70,4000,0,0,0,1
86,マイク,3,0,72,5000,0,0,0,1
87,バーネス,5,0,87,0,0,0,0,1
88,バレット,5,0,72,0,0,0,0,1
90,バレング,3,0,87,3000,0,0,0,1
94,ビーン,5,0,60,0,0,0,0,1
95,ベベヤ,3,0,81,5000,0,0,0,1
96,ベッキンハム,5,0,92,0,0,0,0,1
97,ベックマン,5,0,60,0,0,0,0,1
98,ベデレ,3,0,72,5000,0,0,0,1
100,ベリー,5,0,66,0,0,0,0,1
102,ベネット,5,0,70,0,0,0,0,1
104,ビューロ,5,0,90,0,0,0,0,1
106,ビショップ,5,0,70,0,0,0,0,1
107,ビスキム,1,0,30,12300,0,0,0,1
108,ブライアン,5,0,80,0,0,0,0,1
109,ブラック,5,0,80,0,0,0,0,1
110,ブラカス,3,0,69,10000,0,0,0,1
111,バルサス,5,0,60,0,0,0,0,1
112,ブロム,5,0,70,0,0,0,0,1
113,ブルー,5,0,80,0,0,0,0,1
114,トンプソン,5,0,80,0,0,0,0,1
115,ティアマン,5,0,85,0,0,0,0,1
116,ボードマン,5,0,65,0,0,0,0,1
117,ボブヤング,5,0,60,0,0,0,0,1
119,ボム,5,0,99,0,0,0,0,1
120,ブッシュ,6,0,73,0,0,0,0,1
123,ブッカ,3,0,81,6000,0,0,0,1
130,クレア,6,0,70,0,0,0,0,1
131,スチーブン,5,0,90,0,0,0,0,1
132,スチュワート,5,0,70,0,0,0,0,1
133,予備枠,3,0,50,0,0,0,0,1
135,カーソン,5,0,50,0,0,0,0,1
136,カトロール,5,0,70,0,0,0,0,1
139,チェン,5,0,60,0,0,0,0,1
142,チョイ,5,0,70,0,0,0,0,1
145,クライン,5,0,68,0,0,0,0,1
148,ストーン,5,0,40,0,0,0,0,1
149,シャロン,5,0,75,0,0,0,0,1
150,タバロ,5,0,70,0,0,0,0,1
151,タダップ,5,0,90,0,0,0,0,1
155,ベス,3,0,76,5000,0,0,0,1
156,カリー,5,0,70,0,0,0,0,1
157,ドーソン,1,0,90,12300,0,0,0,1
158,サンチ,5,0,70,0,0,0,0,1
160,アッサン,5,0,70,0,0,0,0,1
161,ドミナンス,3,0,90,0,0,0,0,1
162,ダルトン,5,0,70,0,0,0,0,1
163,ダムイ,5,0,90,0,0,0,0,1
164,デビッド,5,0,60,0,0,0,0,1
165,シモン,5,0,50,0,0,0,0,1
167,ディーン,5,0,80,0,0,0,0,1
169,デグチ,5,0,50,0,0,0,0,1
170,デンプシ,5,0,70,0,0,0,0,1
171,デルゴダ,3,0,90,10000,0,0,0,1
172,デント,3,0,70,3000,0,0,0,1
174,ウォーレン,3,0,99,10000,0,0,0,1
175,アレックス,3,0,84,5000,0,0,0,1
176,ディック,1,0,70,12300,0,0,0,1
177,デビン,5,0,90,0,0,0,0,1
179,ドナルド,5,0,60,0,0,0,0,1
182,トルネルコ,1,0,70,12300,0,0,0,1
183,ドラムロ,5,0,30,0,0,0,0,1
185,オリバー,5,0,50,0,0,0,0,1
186,シンプソン,5,0,70,0,0,0,0,1
188,ダッカム,5,0,40,0,0,0,0,1
189,ダンブレント,5,0,50,0,0,0,0,1
190,テレ,5,0,70,0,0,0,0,1
191,ダンカン,5,0,90,0,0,0,0,1
192,ダンリー,3,0,70,8000,0,0,0,1
193,ダーン,5,0,80,0,0,0,0,1
194,チキル,5,0,60,0,0,0,0,1
195,ダラム,1,0,50,12300,0,0,0,1
196,チンビ,5,0,70,0,0,0,0,1
197,キートン,3,0,90,3000,0,0,0,1
199,ノートン,3,0,65,3000,0,0,0,1
200,エドワード,5,0,70,0,0,0,0,1
201,エドウィン,5,0,90,0,0,0,0,1
203,パッシガン,5,0,30,0,0,0,0,1
204,ロザリン,1,0,88,12100,0,0,0,1
205,ジラン,6,0,90,0,0,0,0,1
207,オンゴ,3,0,80,3000,0,0,0,1
209,エリス,5,0,80,0,0,0,0,1
210,パーカー,3,0,70,4000,0,0,0,1
217,カツオ,13,0,80,1000,0,0,0,1
218,テラルバ,5,0,88,0,0,0,0,1
220,ティモシー,5,0,70,0,0,0,0,1
221,ナオミ**,3,0,50,0,0,0,0,1
223,ファラカス,5,0,30,0,0,0,0,1
224,タビル,5,0,60,0,0,0,0,1
225,タウロイ,5,0,50,0,0,0,0,1
226,フィリア,3,0,99,12200,0,0,0,12
227,フィン,13,0,80,1000,0,0,0,1
229,フィッシャー,5,0,50,0,0,0,0,1
230,フレッチャー,1,0,70,12300,0,0,0,1
231,フィリック,5,0,90,0,0,0,0,1
233,リュウゼン,3,0,82,0,0,0,0,1
234,ロイ,5,0,60,0,0,0,0,1
235,フリック,6,0,80,0,0,0,0,1
239,フォックス,5,0,50,0,0,0,0,1
240,タソ,5,0,70,0,0,0,0,1
241,フランシス,5,0,90,0,0,0,0,1
242,フレーザ,5,0,70,0,0,0,0,1
243,シリア,3,0,90,12100,0,0,0,1
244,ガルダル,5,0,60,0,0,0,0,1
245,タルバ,5,0,80,0,0,0,0,1
246,タラン,5,0,70,0,0,0,0,1
247,タン,5,0,80,0,0,0,0,1
248,タオ,5,0,40,0,0,0,0,1
249,ガベル,5,0,50,0,0,0,0,1
250,タルア,5,0,70,0,0,0,0,1
251,タウパ,5,0,90,0,0,0,0,1
252,ガイ,5,0,70,0,0,0,0,1
253,オットー,5,0,30,0,0,0,0,1
255,オーバル,3,0,81,10000,0,0,0,1
259,ソグ,5,0,50,0,0,0,0,1
260,ソロング,13,0,70,1000,0,0,0,1
261,タジラ,1,0,90,12300,0,0,0,1
263,タキ,5,0,30,0,0,0,0,1
264,ガードナー,5,0,60,0,0,0,0,1
265,サイモン,3,0,50,3000,0,0,0,1
266,カリン,5,0,70,0,0,0,0,1
268,ガーディナ,5,0,80,0,0,0,0,1
269,スミス,5,0,50,0,0,0,0,1
273,ジェレス,5,0,30,0,0,0,0,1
274,ジェンソン,5,0,60,0,0,0,0,1
275,ジェミニ,3,0,72,6000,0,0,0,1
276,ジェナ,3,0,99,12200,0,0,0,1
279,ギブソン,5,0,50,0,0,0,0,1
280,ジェロニモ,5,0,80,0,0,0,0,1
281,ジェニオ,5,0,90,0,0,0,0,1
282,ゲイツ,5,0,70,0,0,0,0,1
283,ギル,5,0,30,0,0,0,0,1
285,ジンボル,5,0,50,0,0,0,0,1
286,ジミー,5,0,70,0,0,0,0,1
287,グレイ,5,0,80,0,0,0,0,1
288,ガルフ,5,0,40,0,0,0,0,1
289,グラハム,5,0,50,0,0,0,0,1
290,ガードン,5,0,70,0,0,0,0,1
291,ゴードン,5,0,90,0,0,0,0,1
292,スコット,5,0,70,0,0,0,0,1
293,ゴドウィン,5,0,30,0,0,0,0,1
294,ゴスペル,5,0,60,0,0,0,0,1
295,スレンダ,5,0,80,0,0,0,0,1
297,チエン,5,0,80,0,0,0,0,1
298,スカリー,5,0,40,0,0,0,0,1
299,グラファス,5,0,50,0,0,0,0,1
300,グレフォード,5,0,70,0,0,0,0,1
302,グレッグ,5,0,80,0,0,0,0,1
303,モーガン,5,0,30,0,0,0,0,1
305,モリス,5,0,50,0,0,0,0,1
307,ハビタット,3,0,80,2000,0,0,0,1
308,ロバート,5,0,40,0,0,0,0,1
309,ロビン,5,0,50,0,0,0,0,1
311,ハマウ,5,0,90,0,0,0,0,1
314,ハモンド,5,0,60,0,0,0,0,1
315,ハンコック,5,0,80,0,0,0,0,1
316,ハンプス,5,0,70,0,0,0,0,1
317,ハンソン,5,0,80,0,0,0,0,1
320,リック,5,0,70,0,0,0,0,1
321,ハロルド,5,0,90,0,0,0,0,1
322,ホーリ,13,0,70,1000,0,0,0,1
323,フーバー,5,0,30,0,0,0,0,1
324,ホプキン,5,0,60,0,0,0,0,1
326,ホーウェル,5,0,50,0,0,0,0,1
327,リオナ,7,0,80,1000,0,0,0,1
328,ハドソン,5,0,80,0,0,0,0,1
329,パタロット,3,0,94,1000,0,0,0,1
330,パトリック,5,0,70,0,0,0,0,1
331,ポーラス,5,0,90,0,0,0,0,1
333,レイモンド,5,0,30,0,0,0,0,1
334,バケラ,5,0,60,0,0,0,0,1
335,ジャクソン,6,0,50,0,0,0,0,1
336,ジェイコブ,5,0,80,0,0,0,0,1
338,ジェームス,5,0,40,0,0,0,0,1
341,ボンド,5,0,90,0,0,0,0,1
343,ジョン,5,0,30,0,0,0,0,1
344,ロアン,5,0,60,0,0,0,0,1
345,ジョシア,5,0,49,0,0,0,0,1
346,シンバナル,5,0,70,0,0,0,0,1
348,サルトン,3,0,92,8000,0,0,0,1
349,サン,5,0,50,0,0,0,0,1
350,タブ,5,0,70,0,0,0,0,1
352,セーガル,5,0,70,0,0,0,0,1
353,シーバ,5,0,30,0,0,0,0,1
354,ロンド,5,0,60,0,0,0,0,1
356,カンシ,6,0,90,0,0,0,0,1
357,ビンセント,5,0,80,0,0,0,0,1
359,ウイリアム,5,0,50,0,0,0,0,1
360,カビラ,3,0,70,1000,0,0,0,1
361,ニカリー,5,0,90,0,0,0,0,1
362,アポロ,3,0,70,4000,0,0,0,1
363,トム,3,0,70,8000,0,0,0,1
367,ケニー,5,0,80,0,0,0,0,1
369,キキア,5,0,50,0,0,0,0,1
370,キラ,5,0,70,0,0,0,0,1
371,ルシア,1,0,90,12100,0,0,0,1
373,ロス,5,0,65,0,0,0,0,1
375,マクベ,5,0,50,0,0,0,0,1
376,マクネル,5,0,70,0,0,0,0,1
378,マクドネル,5,0,77,0,0,0,0,1
379,マクガイバ,1,0,50,12300,0,0,0,1
380,ホウネン,3,0,99,4000,0,0,0,1
382,マイア,3,0,70,2000,0,0,0,1
383,コピル,5,0,68,0,0,0,0,1
384,ロックウッド,5,0,60,0,0,0,0,1
385,ルーカス,5,0,50,0,0,0,0,1
386,ラング,5,0,70,0,0,0,0,1
387,クラマ,5,0,80,0,0,0,0,1
389,マライア,5,0,78,0,0,0,0,1
390,コウケツ,5,0,70,0,0,0,0,1
391,タカハシ,5,0,90,0,0,0,0,1
392,マヌイ,5,0,70,0,0,0,0,1
394,マオ,5,0,60,0,0,0,0,1
396,メイヤ,5,0,76,0,0,0,0,1
397,メリック,5,0,80,0,0,0,0,1
398,クワトロ,3,0,66,2000,0,0,0,1
399,カヤック,5,0,50,0,0,0,0,1
400,リンソン,6,0,70,0,0,0,0,1
401,ティナ,1,0,50,12100,0,0,0,1
402,ジャネット,5,0,73,0,0,0,0,1
403,ロブ,5,0,74,0,0,0,0,1
404,ライ,5,0,75,0,0,0,0,1
406,リベッタ,5,0,76,0,0,0,0,1
408,レイ,5,0,70,0,0,0,0,1
409,ベスパ,1,0,60,12100,0,0,0,1
410,ブロディン,6,0,90,0,0,0,0,1
411,ロト,1,0,90,12300,0,0,0,1
414,アエアバ,5,0,70,0,0,0,0,1
415,アガベ,5,0,68,0,0,0,0,1
416,アゴリ,5,0,60,0,0,0,0,1
418,アメッド,5,0,76,0,0,0,0,1
421,ビスマルク,5,0,50,0,0,0,0,1
422,アキア,3,0,70,1000,0,0,0,1
432,アキ,3,0,99,13000,0,0,0,12
435,キャンベル,5,0,30,0,0,0,0,1
436,コーナー,1,0,60,12300,0,0,0,1
437,コックス,5,0,50,0,0,0,0,1
442,ディーノ,1,0,70,12300,0,0,0,1
443,ダイノ,5,0,90,0,0,0,0,1
445,ディリー,5,0,70,0,0,0,0,1
448,デレックス,5,0,70,0,0,0,0,1
449,ドイル,5,0,80,0,0,0,0,1
450,ドラモイ,5,0,78,0,0,0,0,1
451,デゥア,5,0,50,0,0,0,0,1
452,ドドマ,5,0,70,0,0,0,0,1
453,タリル,5,0,90,0,0,0,0,1
454,イートン,5,0,70,0,0,0,0,1
455,イガート,5,0,70,0,0,0,0,1
456,エイチン,5,0,80,0,0,0,0,1
457,エキップ,5,0,86,0,0,0,0,1
458,キティップ,5,0,70,0,0,0,0,1
459,エンガ,5,0,80,0,0,0,0,1
460,イーロン,5,0,40,0,0,0,0,1
461,エンソン,5,0,50,0,0,0,0,1
462,フェバラ,5,0,70,0,0,0,0,1
463,フォーク,5,0,90,0,0,0,0,1
468,ガグマ,5,0,70,0,0,0,0,1
469,ガイム,5,0,80,0,0,0,0,1
470,ガータ,5,0,77,0,0,0,0,1
471,ガイワタ,5,0,98,0,0,0,0,1
472,ガラ,5,0,70,0,0,0,0,1
473,ガラニハ,5,0,90,0,0,0,0,1
474,ガンバ,5,0,70,0,0,0,0,1
475,ガメヌ,5,0,68,0,0,0,0,1
476,ガナガ,5,0,60,0,0,0,0,1
478,ガナビ,5,0,70,0,0,0,0,1
479,ガリン,5,0,80,0,0,0,0,1
480,ガーランド,5,0,68,0,0,0,0,1
481,ジェデビ,5,0,60,0,0,0,0,1
482,ギンボ,5,0,50,0,0,0,0,1
483,グナンダライ,5,0,70,0,0,0,0,1
484,ゴッドチャク,5,0,80,0,0,0,0,1
485,ゴーダ,5,0,92,0,0,0,0,1
486,グレゴリー,5,0,50,0,0,0,0,1
487,グバック,5,0,70,0,0,0,0,1
490,ガビ,1,0,30,12300,0,0,0,1
493,ポロマン,5,0,70,0,0,0,0,1
494,ハマデ,5,0,80,0,0,0,0,1
495,ハオダ,5,0,40,0,0,0,0,1
497,ホップマン,3,0,70,6000,0,0,0,1
500,カラバイ,5,0,70,0,0,0,0,1
501,カイウイ,5,0,80,0,0,0,0,1
503,カンビ,5,0,70,0,0,0,0,1
504,カライ,5,0,80,0,0,0,0,1
510,ケーネン,5,0,65,0,0,0,0,1
511,ケネシー,5,0,60,0,0,0,0,1
515,コケ,5,0,77,0,0,0,0,1
516,コンドロ,5,0,50,0,0,0,0,1
517,コンボイ,5,0,70,0,0,0,0,1
519,コシン,5,0,70,0,0,0,0,1
521,ククイ,5,0,60,0,0,0,0,1
522,クンダン,5,0,50,0,0,0,0,1
523,クンジ,3,0,70,4000,0,0,0,1
531,ラック,5,0,50,0,0,0,0,1
532,ラノレ,6,0,70,0,0,0,0,1
535,ラント,5,0,30,0,0,0,0,1
537,ララウィン,3,0,82,13000,0,0,0,1
538,ラリー,5,0,70,0,0,0,0,1
540,ラベット,5,0,40,0,0,0,0,1
541,リーシ,5,0,50,0,0,0,0,1
544,エーエス,3,0,70,10000,0,0,0,1
546,レシリー,5,0,80,0,0,0,0,1
549,レキ,3,0,80,2000,0,0,0,1
552,ロア,5,0,70,0,0,0,0,1
553,ローガン,5,0,90,0,0,0,0,1
554,ロロパ,6,0,70,0,0,0,0,1
555,ロード,5,0,65,0,0,0,0,1
556,アブナ,1,0,60,12300,0,0,0,1
557,ロウ,5,0,50,0,0,0,0,1
558,アカウ,1,0,70,12300,0,0,0,1
560,ルーキ,3,0,99,11000,0,0,0,12
561,ルーカー,5,0,70,0,0,0,0,1
563,アブター,3,0,99,13000,0,0,0,12
564,レイド,3,0,70,10000,0,0,0,1
566,アイ,1,0,60,12100,0,0,0,1
567,キョウカ,3,0,50,0,0,0,0,1
568,カカラ,3,0,70,12700,0,0,0,1
571,ドーラ,6,0,60,0,0,0,0,1
572,アメリア,1,0,50,12100,0,0,0,1
573,エリーザ,7,0,70,1000,0,0,0,1
575,予備枠,3,0,50,0,0,0,0,1
577,イーダ,3,0,70,0,0,0,0,1
578,予備枠,3,0,50,0,0,0,0,1
579,フフア,1,0,70,12100,0,0,0,1
581,イーガ,7,0,60,1000,0,0,0,1
582,予備枠,3,0,50,0,0,0,0,1
584,メリル,1,0,80,12100,0,0,0,1
590,サンミ,3,0,70,12200,0,0,0,1
591,マテネ,1,0,80,12100,0,0,0,1
592,メリリス,7,0,86,1000,0,0,0,1
594,メンディ,7,0,80,1000,0,0,0,1
597,予備枠,3,0,50,0,0,0,0,1
600,アルビオン,3,0,99,3000,0,0,0,1
601,アソッド,3,0,99,13000,0,0,0,12
602,ソニア,3,0,90,12200,0,0,0,12
603,アジェ,3,0,99,13000,0,0,0,12
604,カムイ,5,0,60,0,0,0,0,1
605,スーン,1,0,60,12100,0,0,0,1
607,アーメイ,6,0,60,0,0,0,0,1
613,ロドアム,3,0,99,13000,0,0,0,1
615,ゲイル,5,0,99,0,0,0,0,1
618,レナジ,6,0,99,0,0,0,0,11
619,アタック,3,0,64,0,0,0,0,1
621,パグン,3,0,99,13000,0,0,0,12
622,ピロコス,3,0,99,10000,0,0,0,1
623,ロニオ,3,0,99,12300,0,0,0,1
624,スクロック,3,0,99,13000,0,0,0,12
625,ブラウン,3,0,72,12080,0,0,0,1
627,マーカス,5,0,60,0,0,0,0,1
628,ダイ,5,0,60,0,0,0,0,1
629,ジョリマ,5,0,60,0,0,0,0,1
632,マサト,6,0,60,0,0,0,0,1
633,ダイナス,3,0,60,9000,0,0,0,1
637,オール,3,0,60,5000,0,0,0,1
640,ダマーン,6,0,60,0,0,0,0,1
643,シクザ,5,0,60,0,0,0,0,1
645,ジョブオ,5,0,60,0,0,0,0,1
646,オックス,5,0,60,0,0,0,0,1
647,カルカス,5,0,60,0,0,0,0,1
648,コルン,1,0,60,12300,0,0,0,1
649,ボーイング,5,0,60,0,0,0,0,1
650,ゴッチ,5,0,60,0,0,0,0,1
652,シッカス,6,0,60,0,0,0,0,1
660,エコ,6,0,60,0,0,0,0,1
661,カルミン,7,0,60,1000,0,0,0,1
662,サンドラ,7,0,60,1000,0,0,0,1
665,スイホー,7,0,60,1000,0,0,0,1
666,海賊,3,0,60,3000,0,0,0,1
670,マカラム,5,0,60,0,0,0,0,1
673,メンジ,6,0,90,0,0,0,0,1
675,モーディ,5,0,60,0,0,0,0,1
680,パコ,5,0,60,0,0,0,0,1
681,ネロ,5,0,60,0,0,0,0,1
683,オーレン,5,0,60,0,0,0,0,1
684,マイラベ,5,0,60,0,0,0,0,1
685,マカレイ,5,0,60,0,0,0,0,1
686,パサ,5,0,60,0,0,0,0,1
688,モーゼ,3,0,88,8000,0,0,0,1
689,パパラム,5,0,60,0,0,0,0,1
690,マニワック,5,0,60,0,0,0,0,1
691,オペル,5,0,60,0,0,0,0,1
692,ウエイター,3,0,60,0,0,0,0,1
693,クワンジュ,5,0,60,0,0,0,0,1
694,マンギ,5,0,60,0,0,0,0,1
695,ニング,5,0,60,0,0,0,0,1
696,リューシン,13,0,60,1000,0,0,0,1
698,パウラ,5,0,60,0,0,0,0,1
699,ペダーソン,5,0,60,0,0,0,0,1
700,ノス,5,0,60,0,0,0,0,1
701,プラッツェ,5,0,60,0,0,0,0,1
703,ノード,1,0,60,12300,0,0,0,1
704,パイン,5,0,60,0,0,0,0,1
705,アフターバン,5,0,60,0,0,0,0,1
706,パハング,5,0,60,0,0,0,0,1
707,オガペウ,5,0,60,0,0,0,0,1
708,ピオ,5,0,60,0,0,0,0,1
709,ガズル,5,0,60,0,0,0,0,1
710,オキ,13,0,60,1000,0,0,0,1
712,パナア,5,0,60,0,0,0,0,1
713,パガル,5,0,60,0,0,0,0,1
714,調教師,3,0,60,2000,0,0,0,1
715,ノム,5,0,60,0,0,0,0,1
716,ペリー,5,0,60,0,0,0,0,1
717,予備枠,3,0,50,0,0,0,0,1
718,アマンダ,7,0,60,1000,0,0,0,1
719,ノーマ,3,0,50,0,0,0,0,1
720,ナタリア,7,0,60,1000,0,0,0,1
721,バネッサ,6,0,60,0,0,0,0,1
722,メリッサ,1,0,60,12100,0,0,0,1
724,予備枠,3,0,50,0,0,0,0,1
727,パン,7,0,80,1000,0,0,0,1
728,アルシア,1,0,60,12100,0,0,0,1
730,カテリーン,1,0,60,12100,0,0,0,1
731,クラプトン,1,0,60,12300,0,0,0,1
733,オクサーナ,7,0,60,1000,0,0,0,1
734,モギア,5,0,49,0,0,0,0,1
735,サントス,1,0,60,12300,0,0,0,1
737,バレン,5,0,49,0,0,0,0,1
738,予備枠,3,0,50,0,0,0,0,1
739,ライガ,5,0,60,0,0,0,0,1
742,セール,5,0,60,0,0,0,0,1
743,アスラン,3,0,99,13000,0,0,0,1
744,ポライア,1,0,99,12100,0,0,0,1
745,ハヤト,5,0,60,0,0,0,0,1
746,プリア,1,0,99,12100,0,0,0,1
747,マリタ,5,0,99,0,0,0,0,1
749,ヒカル,7,0,60,1000,0,0,0,1
750,ラメラ,1,0,60,12100,0,0,0,1
753,シルビア,1,0,50,12100,0,0,0,1
754,アナベラ,7,0,60,1000,0,0,0,1
756,憲兵隊,3,0,0,1000,0,0,0,1
757,スマック,5,0,10,0,0,0,0,1
763,ルー,10,0,10,1000,0,0,0,1
764,ルセット,10,0,10,1000,0,0,0,1
765,メイド,3,0,10,1000,0,0,0,1
766,ローチ,3,0,50,1000,0,0,0,1
767,ラジット,3,0,50,3000,0,0,0,1
769,ジョー,3,0,50,7000,0,0,0,1
770,クロイツ,5,0,50,0,0,0,0,1
771,タチアナ,3,0,50,1000,0,0,0,1
773,ダーダネル,3,0,50,3000,0,0,0,1
774,モレトバ,5,0,50,0,0,0,0,1
778,一般市民,3,0,50,1000,0,0,0,1
779,一般市民,3,0,50,1000,0,0,0,1
780,情報屋,3,0,50,1000,0,0,0,1
781,オペレータ,3,0,50,1000,0,0,0,1
782,武器商人,3,0,50,0,0,0,0,1
783,予備枠,3,0,50,0,0,0,0,1
784,カイヤ,1,0,60,12100,0,0,0,1
785,パイロットA,3,0,50,1000,0,0,0,1
786,パイロットB,3,0,50,1000,0,0,0,1
787,ラブラ,5,0,50,0,0,0,0,1
788,ランダル,5,0,50,0,0,0,0,1
791,サジェム,5,0,50,0,0,0,0,1
792,ソガ,12,0,50,1000,0,0,0,1
793,オルチン,12,0,50,1000,0,0,0,1
795,コーレル,12,0,50,1000,0,0,0,1
796,カルハーン,3,0,50,13000,0,0,0,1
797,バジール,3,0,50,13000,0,0,0,1
798,コンラッド,3,0,50,13000,0,0,0,1
799,ハナヒゲ,3,0,50,2000,0,0,0,1
800,ジャスト**,3,0,50,1000,0,0,0,1
801,ナガノ,3,0,50,6000,0,0,0,1
802,ヘイデン,3,0,50,1000,0,0,0,1
803,グリーム**,3,0,50,1000,0,0,0,1
804,ハンク,3,0,50,1000,0,0,0,1
805,ツウガイ,3,0,50,1000,0,0,0,1
806,ジル,13,0,72,1000,0,0,0,1
807,ラン,13,0,60,1000,0,0,0,1
808,ガブリエル,13,0,60,1000,0,0,0,1
809,予備枠,3,0,50,0,0,0,0,1
810,バクニム,3,0,50,0,0,0,0,1
811,工作員,3,0,0,1000,0,0,0,1
812,メイド２,10,0,10,1000,0,0,0,1
813,ワード,6,0,99,0,0,0,0,1
814,一般市民,3,0,10,1000,0,0,0,1
815,ACT0オウカ,6,1,60,0,0,0,0,1
816,ナカミチ,5,0,50,0,0,0,0,1
820,オズナ**,3,0,50,1000,0,0,0,1
824,Type-F,3,1,99,1000,0,0,0,1
825,ACT-MG,3,1,99,1000,0,0,0,1
826,ACT-MA,3,1,99,1000,0,0,0,1
827,ACT-MX,3,1,99,1000,0,0,0,1
828,ログ,3,0,99,12080,0,0,0,1
832,アーマンド,3,0,80,9000,0,0,0,1
833,ウイゴ,6,0,80,0,0,0,0,1
834,ユナ,3,0,80,8000,0,0,0,1
835,キシ,6,0,50,0,0,0,0,1
836,アラビエ**,3,0,50,1000,0,0,0,1
837,研究員,3,0,50,1000,0,0,0,1
838,子供,3,0,50,1000,0,0,0,1
839,一般市民,3,0,50,1000,0,0,0,1
840,衛兵,3,0,50,1000,0,0,0,1
841,ならず者,3,0,50,1000,0,0,0,1
842,ならず者,3,0,50,1000,0,0,0,1
843,リリーハン,6,0,90,0,0,0,0,1
844,下級士官Ａ,3,0,50,0,0,0,0,1
845,下級士官Ｂ,3,0,50,0,0,0,0,1
846,マネージャ,3,0,50,1000,0,0,0,1
847,オリビア,16,0,50,1000,0,0,0,1
848,ユナ,3,0,50,1000,0,0,0,1
849,医者,3,0,50,1000,0,0,0,1
850,ピエール,3,0,50,1000,0,0,0,1
851,ハッシー,3,0,50,1000,0,0,0,1
852,ハンナ,3,0,50,1000,0,0,0,1
853,コタロー,5,0,50,0,0,0,0,1
854,カコラ,1,0,50,12300,0,0,0,1
855,シムガ,3,0,50,13000,0,0,0,1
856,アステア,1,0,50,12300,0,0,0,1
857,ダナ,1,0,50,12300,0,0,0,1
858,ウエラー,1,0,50,12300,0,0,0,1
859,ラッセル,1,0,50,12300,0,0,0,1
860,ルパート,1,0,50,12300,0,0,0,1
861,エミリオ,1,0,50,12300,0,0,0,1
862,クライブ,1,0,50,12300,0,0,0,1
863,ハーレイ,1,0,50,12300,0,0,0,1
864,マコーレ,1,0,50,12300,0,0,0,1
865,ヘルムート,1,0,50,12300,0,0,0,1
866,ケンセイ,1,0,50,12300,0,0,0,1
867,サクバス,1,0,50,12300,0,0,0,1
868,パロスト,1,0,50,12300,0,0,0,1
869,ミカド,6,1,50,0,0,0,0,1
870,クルトニオ,1,0,50,12300,0,0,0,1
871,マルチェロ,1,0,50,12300,0,0,0,1
872,テレンク,5,0,50,0,0,0,0,1
873,ジンブレム,5,0,50,0,0,0,0,1
874,ザガモイ,5,0,50,0,0,0,0,1
875,スレータ,5,0,50,0,0,0,0,1
876,メルビン,5,0,50,0,0,0,0,1
877,カートル,5,0,50,0,0,0,0,1
878,ウイモン,5,0,50,0,0,0,0,1
879,デュバル,5,0,50,0,0,0,0,1
881,ドーリフ,5,0,50,0,0,0,0,1
882,イノワレ,5,0,50,0,0,0,0,1
883,モンゼツール,5,0,50,0,0,0,0,1
884,グルー,5,0,50,0,0,0,0,1
885,イノフスキ,5,0,50,0,0,0,0,1
886,トバック,5,0,50,0,0,0,0,1
887,ノーサム,5,0,50,0,0,0,0,1
888,ハーポ,5,0,50,0,0,0,0,1
889,フジャイラ,5,0,50,0,0,0,0,1
890,ゲラシモフ,5,0,50,0,0,0,0,1
891,ラミウス,5,0,50,0,0,0,0,1
892,クーロフ,5,0,50,0,0,0,0,1
893,マルカス,5,0,50,0,0,0,0,1
894,マッシモ,5,0,50,0,0,0,0,1
895,医者,3,0,50,0,0,0,0,1
897,予備枠,3,0,50,0,0,0,0,1
898,予備枠,3,0,50,0,0,0,0,1
899,予備枠,3,0,50,0,0,0,0,1
900,予備枠,3,0,50,0,0,0,0,1
901,予備枠,3,0,50,0,0,0,0,1
902,予備枠,3,0,50,0,0,0,0,1
903,予備枠,3,0,50,0,0,0,0,1
904,予備枠,3,0,50,0,0,0,0,1
905,予備枠,3,0,50,0,0,0,0,1
906,予備枠,3,0,50,0,0,0,0,1
907,予備枠,3,0,50,0,0,0,0,1
908,予備枠,3,0,50,0,0,0,0,1
909,予備枠,3,0,50,0,0,0,0,1
910,予備枠,3,0,50,0,0,0,0,1
911,予備枠,3,0,50,0,0,0,0,1
912,予備枠,3,0,50,0,0,0,0,1
913,予備枠,3,0,50,0,0,0,0,1
914,予備枠,3,0,50,0,0,0,0,1
915,予備枠,3,0,50,0,0,0,0,1
916,予備枠,3,0,50,0,0,0,0,1
917,予備枠,3,0,50,0,0,0,0,1
918,予備枠,3,0,50,0,0,0,0,1
919,予備枠,3,0,50,0,0,0,0,1
920,予備枠,3,0,50,0,0,0,0,1
921,予備枠,3,0,50,0,0,0,0,1
922,予備枠,3,0,50,0,0,0,0,1
923,予備枠,3,0,50,0,0,0,0,1
924,予備枠,3,0,50,0,0,0,0,1
925,予備枠,3,0,50,0,0,0,0,1
926,予備枠,3,0,50,0,0,0,0,1
927,予備枠,3,0,50,0,0,0,0,1
928,予備枠,3,0,50,0,0,0,0,1
929,予備枠,3,0,50,0,0,0,0,1
930,予備枠,3,0,50,0,0,0,0,1
931,予備枠,3,0,50,0,0,0,0,1
932,予備枠,3,0,50,0,0,0,0,1
933,予備枠,3,0,50,0,0,0,0,1
934,予備枠,3,0,50,0,0,0,0,1
935,予備枠,3,0,50,0,0,0,0,1
936,予備枠,3,0,50,0,0,0,0,1
937,予備枠,3,0,50,0,0,0,0,1
938,予備枠,3,0,50,0,0,0,0,1
939,予備枠,3,0,50,0,0,0,0,1
940,予備枠,3,0,50,0,0,0,0,1
941,予備枠,3,0,50,0,0,0,0,1
942,予備枠,3,0,50,0,0,0,0,1
943,予備枠,3,0,50,0,0,0,0,1
944,予備枠,3,0,50,0,0,0,0,1
945,予備枠,3,0,50,0,0,0,0,1
946,予備枠,3,0,50,0,0,0,0,1
947,予備枠,3,0,50,0,0,0,0,1
948,予備枠,3,0,50,0,0,0,0,1
949,予備枠,3,0,50,0,0,0,0,1
950,予備枠,3,0,50,0,0,0,0,1
951,予備枠,3,0,50,0,0,0,0,1
952,予備枠,3,0,50,0,0,0,0,1
953,予備枠,3,0,50,0,0,0,0,1
954,予備枠,3,0,50,0,0,0,0,1
